{"cameraMode":{"drawMode":0,"name":"Shaded","section":"Shading Mode"},"sceneLighting":true,"audioPlay":false,"sceneViewState":{"m_AlwaysRefresh":false,"showFog":true,"showSkybox":true,"showFlares":true,"showImageEffects":true,"showParticleSystems":true,"showVisualEffectGraphs":true,"m_FxEnabled":true},"in2DMode":false,"pivot":{"x":27.515491485595704,"y":17.96151351928711,"z":35.48472595214844},"rotation":{"x":0.08337942510843277,"y":-0.9047978520393372,"z":0.20851491391658784,"w":0.3618057072162628},"size":10.949153900146485,"orthographic":true}